{
  "project_info": {
    "project_number": "861272013908",
    "project_id": "smartalert-8e821",
    "storage_bucket": "smartalert-8e821.appspot.com"
  },
  "client": [
    {
      "client_info": {
        "mobilesdk_app_id": "1:861272013908:android:2a3857c0b2df392cddc1c1",
        "android_client_info": {
          "package_name": "com.unipigiorgos.smartalert"
        }
      },
      "oauth_client": [
        {
          "client_id": "861272013908-v98e5b9i9gp4aam4d5i8tjhbjmaafquc.apps.googleusercontent.com",
          "client_type": 3
        }
      ],
      "api_key": [
        {
          "current_key": "AIzaSyBFcGlgRf1jqSIn79GseE-klhs5Dp5MsI4"
        }
      ],
      "services": {
        "appinvite_service": {
          "other_platform_oauth_client": [
            {
              "client_id": "861272013908-v98e5b9i9gp4aam4d5i8tjhbjmaafquc.apps.googleusercontent.com",
              "client_type": 3
            }
          ]
        }
      }
    }
  ],
  "configuration_version": "1"
}